profile,base_commit,run_dir,state,chain_budget,pass,test,requests,req_per_s,runtime_entries_per_request,in_kernel_syscalls_per_request,fragment_entries,syscalls_in_kernel,fpsimd_entries,fpsimd_preempted,exit_mem,exit_unsupported,fpsimd_run_max_ns_since_load
kjit-guest,ef00a56,kjit-guest-20261010-110627,off,,1,set,200000,245398.78,0.0,0.0,0,0,0,0,0,0,0
kjit-guest,ef00a56,kjit-guest-20261010-110627,off,,1,get,200000,245700.25,0.0,0.0,0,0,0,0,0,0,0
kjit-guest,ef00a56,kjit-guest-20261010-110627,on,1024,1,set,200000,145560.41,3.035,1.923,607044,384541,198956,3,0,5226,122208
kjit-guest,ef00a56,kjit-guest-20261010-110627,on,1024,1,get,200000,167224.08,3.041,1.994,608140,398702,200006,0,1,7656,122208
kjit-guest,ef00a56,kjit-guest-20261010-110627,off,,2,set,200000,241837.97,0.0,0.0,0,0,0,0,0,0,122208
kjit-guest,ef00a56,kjit-guest-20261010-110627,off,,2,get,200000,233100.23,0.0,0.0,0,0,0,0,0,0,122208
kjit-guest,ef00a56,kjit-guest-20261010-110627,on,1024,2,set,200000,149142.44,3.04,1.998,608046,399699,200000,3,0,7598,136500
kjit-guest,ef00a56,kjit-guest-20261010-110627,on,1024,2,get,200000,167224.08,3.041,1.999,608149,399751,200001,0,0,7745,136500
kjit-guest,ef00a56,kjit-guest-20261010-110627,off,,3,set,200000,245700.25,0.0,0.0,0,0,0,0,0,0,136500
kjit-guest,ef00a56,kjit-guest-20261010-110627,off,,3,get,200000,242130.77,0.0,0.0,0,0,0,0,0,0,136500
kjit-guest,ef00a56,kjit-guest-20261010-110627,on,1024,3,set,200000,140449.44,3.041,1.998,608104,399678,200001,1,0,7666,4918166
kjit-guest,ef00a56,kjit-guest-20261010-110627,on,1024,3,get,200000,167364.02,3.041,1.999,608138,399738,200001,1,0,7719,4918166
kjit-guest,ef00a56,kjit-guest-20261010-110627,off,,4,set,200000,248138.95,0.0,0.0,0,0,0,0,0,0,4918166
kjit-guest,ef00a56,kjit-guest-20261010-110627,off,,4,get,200000,247218.78,0.0,0.0,0,0,0,0,0,0,4918166
kjit-guest,ef00a56,kjit-guest-20261010-110627,on,1024,4,set,200000,151057.41,3.04,1.999,608016,399739,200001,1,0,7587,4918166
kjit-guest,ef00a56,kjit-guest-20261010-110627,on,1024,4,get,200000,170648.45,3.04,1.999,608063,399745,200001,1,0,7647,4918166
kjit-guest,ef00a56,kjit-guest-20261010-110627,off,,5,set,200000,244498.77,0.0,0.0,0,0,0,0,0,0,4918166
kjit-guest,ef00a56,kjit-guest-20261010-110627,off,,5,get,200000,253164.55,0.0,0.0,0,0,0,0,0,0,4918166
kjit-guest,ef00a56,kjit-guest-20261010-110627,on,1024,5,set,200000,150375.94,3.04,1.999,608014,399710,200001,1,0,7584,4918166
kjit-guest,ef00a56,kjit-guest-20261010-110627,on,1024,5,get,200000,165975.09,3.041,1.999,608107,399757,200001,0,9,7677,4918166
kjit-guest,ef00a56,kjit-guest-20261010-110627,off,,6,set,200000,237529.69,0.0,0.0,0,0,0,0,0,0,4918166
kjit-guest,ef00a56,kjit-guest-20261010-110627,off,,6,get,200000,221729.48,0.0,0.0,0,0,0,0,0,0,4918166
kjit-guest,ef00a56,kjit-guest-20261010-110627,on,1024,6,set,200000,139860.14,3.041,1.998,608293,399700,200001,1,0,7867,4918166
kjit-guest,ef00a56,kjit-guest-20261010-110627,on,1024,6,get,200000,162469.55,3.041,1.998,608274,399696,200001,7,2,7857,4918166
