profile,base_commit,run_dir,state,kind,calls,round,ns_per_outer,fpsimd_entries,fpsimd_preempted
kjit-guest,ef00a56,kjit-guest-20261010-110619,off,gpr,16,1,142.5,,
kjit-guest,ef00a56,kjit-guest-20261010-110619,on,gpr,16,1,153.0,0,0
kjit-guest,ef00a56,kjit-guest-20261010-110619,off,gpr,128,1,263.0,,
kjit-guest,ef00a56,kjit-guest-20261010-110619,on,gpr,128,1,848.8,0,0
kjit-guest,ef00a56,kjit-guest-20261010-110619,off,fp,16,1,181.7,,
kjit-guest,ef00a56,kjit-guest-20261010-110619,on,fp,16,1,238.8,28000,0
kjit-guest,ef00a56,kjit-guest-20261010-110619,off,fp,128,1,550.1,,
kjit-guest,ef00a56,kjit-guest-20261010-110619,on,fp,128,1,939.8,28000,0
kjit-guest,ef00a56,kjit-guest-20261010-110619,off,gpr,16,2,138.5,,
kjit-guest,ef00a56,kjit-guest-20261010-110619,on,gpr,16,2,152.7,0,0
kjit-guest,ef00a56,kjit-guest-20261010-110619,off,gpr,128,2,248.5,,
kjit-guest,ef00a56,kjit-guest-20261010-110619,on,gpr,128,2,872.8,0,0
kjit-guest,ef00a56,kjit-guest-20261010-110619,off,fp,16,2,185.0,,
kjit-guest,ef00a56,kjit-guest-20261010-110619,on,fp,16,2,247.6,28000,0
kjit-guest,ef00a56,kjit-guest-20261010-110619,off,fp,128,2,546.5,,
kjit-guest,ef00a56,kjit-guest-20261010-110619,on,fp,128,2,960.8,28000,4
kjit-guest,ef00a56,kjit-guest-20261010-110619,off,gpr,16,3,149.9,,
kjit-guest,ef00a56,kjit-guest-20261010-110619,on,gpr,16,3,147.3,0,0
kjit-guest,ef00a56,kjit-guest-20261010-110619,off,gpr,128,3,249.9,,
kjit-guest,ef00a56,kjit-guest-20261010-110619,on,gpr,128,3,867.7,0,0
kjit-guest,ef00a56,kjit-guest-20261010-110619,off,fp,16,3,177.6,,
kjit-guest,ef00a56,kjit-guest-20261010-110619,on,fp,16,3,237.9,28000,0
kjit-guest,ef00a56,kjit-guest-20261010-110619,off,fp,128,3,538.4,,
kjit-guest,ef00a56,kjit-guest-20261010-110619,on,fp,128,3,929.5,28000,0
kjit-guest,ef00a56,kjit-guest-20261010-110619,off,gpr,16,4,142.6,,
kjit-guest,ef00a56,kjit-guest-20261010-110619,on,gpr,16,4,154.1,0,0
kjit-guest,ef00a56,kjit-guest-20261010-110619,off,gpr,128,4,256.4,,
kjit-guest,ef00a56,kjit-guest-20261010-110619,on,gpr,128,4,852.0,0,0
kjit-guest,ef00a56,kjit-guest-20261010-110619,off,fp,16,4,176.8,,
kjit-guest,ef00a56,kjit-guest-20261010-110619,on,fp,16,4,241.1,28000,0
kjit-guest,ef00a56,kjit-guest-20261010-110619,off,fp,128,4,540.3,,
kjit-guest,ef00a56,kjit-guest-20261010-110619,on,fp,128,4,951.1,28000,6
kjit-guest,ef00a56,kjit-guest-20261010-110619,off,gpr,16,5,141.9,,
kjit-guest,ef00a56,kjit-guest-20261010-110619,on,gpr,16,5,147.1,0,0
kjit-guest,ef00a56,kjit-guest-20261010-110619,off,gpr,128,5,253.8,,
kjit-guest,ef00a56,kjit-guest-20261010-110619,on,gpr,128,5,857.5,0,0
kjit-guest,ef00a56,kjit-guest-20261010-110619,off,fp,16,5,181.8,,
kjit-guest,ef00a56,kjit-guest-20261010-110619,on,fp,16,5,235.2,28000,0
kjit-guest,ef00a56,kjit-guest-20261010-110619,off,fp,128,5,543.6,,
kjit-guest,ef00a56,kjit-guest-20261010-110619,on,fp,128,5,914.0,28000,1
