profile,base_commit,run_dir,module,kjit_mode,kjit,result,failing_round,fpsimd_entries
kjit-guest,ef00a56,kjit-guest-20261010-103635,with_invalidation,registered,off,pass,,
kjit-guest,ef00a56,kjit-guest-20261010-103635,with_invalidation,registered,on,pass,,
kjit-guest,ef00a56,kjit-guest-20261010-103651,with_invalidation,registered,on,pass,,301
kjit-guest,ef00a56,kjit-guest-20261010-103732,with_invalidation,auto,on,pass,,526
kjit-guest-debug,ef00a56,kjit-guest-debug-20261010-104657,with_invalidation,registered,on,pass,,301
kjit-guest-debug,ef00a56,kjit-guest-debug-20261010-104729,with_invalidation,auto,on,pass,,517
kjit-guest,ef00a56,kjit-guest-20261010-104712,without_invalidation,registered,on,fail,0,
kjit-guest,ef00a56,kjit-guest-20261010-104720,without_invalidation,registered,on,fail,0,
kjit-guest,ef00a56,kjit-guest-20261010-104720,without_invalidation,registered,on,fail,0,
kjit-guest,ef00a56,kjit-guest-20261010-104720,without_invalidation,registered,on,fail,0,
kjit-guest,ef00a56,kjit-guest-20261010-104720,without_invalidation,registered,on,fail,0,
kjit-guest,ef00a56,kjit-guest-20261010-104720,without_invalidation,registered,on,fail,0,
kjit-guest,ef00a56,kjit-guest-20261010-104720,without_invalidation,registered,off,pass,,
